"NodeAid","NodeAType","NodeBid","NodeBType","distance","isLOS","pathLoss","maxPathLoss","bitrate","maxbitrate","isAssignable","sarDL","sarUL","status","amc","rbused"
"7","EDGE","10","EDGE","126.78206513410956","true","109.7775067392279","113.48026179472768","0.0","2503.0","true","0.0","0.0","INIT","9","0"
"10","EDGE","7","EDGE","126.78206513410956","true","109.7775067392279","113.48026179472768","0.0","2503.0","true","0.0","0.0","INIT","9","0"
"7","EDGE","8","EDGE","142.35708267342807","true","110.78393189454651","114.48026179472768","0.0","2310.0","true","0.0","0.0","INIT","8","0"
"8","EDGE","7","EDGE","142.35708267342807","true","110.78393189454651","114.48026179472768","0.0","2310.0","true","0.0","0.0","INIT","8","0"
"0","PoP","8","EDGE","22.150722487763634","true","94.62410822874068","95.98026179472768","0.0","8085.0","true","0.0","0.0","INIT","20","0"
"8","EDGE","0","PoP","22.150722487763634","true","94.62410822874068","95.98026179472768","0.0","8085.0","true","0.0","0.0","INIT","20","0"
"0","PoP","7","EDGE","163.3254711289937","true","111.97742869880682","117.48026179472768","0.0","1348.0","true","0.0","0.0","INIT","5","0"
"7","EDGE","0","PoP","163.3254711289937","true","111.97742869880682","117.48026179472768","0.0","1348.0","true","0.0","0.0","INIT","5","0"
