"NodeAid","NodeAType","NodeBid","NodeBType","distance","isLOS","pathLoss","maxPathLoss","bitrate","maxbitrate","isAssignable","sarDL","sarUL","status","amc","rbused"
"0","PoP","3","EDGE","285.0930155922175","true","116.81608186200421","122.48026179472768","0.0","770.0","true","0.0","0.0","INIT","1","0"
"3","EDGE","0","PoP","285.0930155922175","true","116.81608186200421","122.48026179472768","0.0","770.0","true","0.0","0.0","INIT","1","0"
"0","PoP","6","EDGE","320.15336683385544","true","117.82351177343935","122.48026179472768","0.0","770.0","true","0.0","0.0","INIT","1","0"
"6","EDGE","0","PoP","320.15336683385544","true","117.82351177343935","122.48026179472768","0.0","770.0","true","0.0","0.0","INIT","1","0"
"0","PoP","5","EDGE","412.0456338719166","true","120.01525663857338","124.38026179472769","0.0","385.0","true","0.0","0.0","INIT","0","0"
"5","EDGE","0","PoP","412.0456338719166","true","120.01525663857338","124.38026179472769","0.0","385.0","true","0.0","0.0","INIT","0","0"
"0","PoP","9","EDGE","617.1537107299686","true","123.5242171981411","124.38026179472769","0.0","385.0","true","0.0","0.0","INIT","0","0"
"9","EDGE","0","PoP","617.1537107299686","true","123.5242171981411","124.38026179472769","0.0","385.0","true","0.0","0.0","INIT","0","0"
