"NodeAid","NodeAType","NodeBid","NodeBType","distance","isLOS","pathLoss","maxPathLoss","bitrate","maxbitrate","isAssignable","sarDL","sarUL","status","amc","rbused"
"0","PoP","6","EDGE","244.55842568837292","true","115.48400290650495","120.98026179472768","0.0","962.0","true","0.0","0.0","INIT","2","0"
"6","EDGE","0","PoP","244.55842568837292","true","115.48400290650495","120.98026179472768","0.0","962.0","true","0.0","0.0","INIT","2","0"
"0","PoP","9","EDGE","352.0320269122218","true","118.64799383022262","124.38026179472769","0.0","385.0","true","0.0","0.0","INIT","0","0"
"9","EDGE","0","PoP","352.0320269122218","true","118.64799383022262","124.38026179472769","0.0","385.0","true","0.0","0.0","INIT","0","0"
"0","PoP","2","EDGE","365.5354641014042","true","118.97494067442233","124.38026179472769","0.0","385.0","true","0.0","0.0","INIT","0","0"
"2","EDGE","0","PoP","365.5354641014042","true","118.97494067442233","124.38026179472769","0.0","385.0","true","0.0","0.0","INIT","0","0"
"0","PoP","8","EDGE","412.0497107191404","true","120.01534257776788","124.38026179472769","0.0","385.0","true","0.0","0.0","INIT","0","0"
"8","EDGE","0","PoP","412.0497107191404","true","120.01534257776788","124.38026179472769","0.0","385.0","true","0.0","0.0","INIT","0","0"
