"NodeAid","NodeAType","NodeBid","NodeBType","distance","isLOS","pathLoss","maxPathLoss","bitrate","maxbitrate","isAssignable","sarDL","sarUL","status","amc","rbused"
"0","PoP","6","EDGE","16.362285370589298","true","91.99322956248683","95.98026179472768","0.0","8085.0","true","0.0","0.0","INIT","20","0"
"6","EDGE","0","PoP","16.362285370589298","true","91.99322956248683","95.98026179472768","0.0","8085.0","true","0.0","0.0","INIT","20","0"
"0","PoP","1","EDGE","436.61428198275615","true","120.51830906031469","124.38026179472769","0.0","385.0","true","0.0","0.0","INIT","0","0"
"1","EDGE","0","PoP","436.61428198275615","true","120.51830906031469","124.38026179472769","0.0","385.0","true","0.0","0.0","INIT","0","0"
"0","PoP","10","EDGE","617.1932823404946","true","123.52477411551341","124.38026179472769","0.0","385.0","true","0.0","0.0","INIT","0","0"
"10","EDGE","0","PoP","617.1932823404946","true","123.52477411551341","124.38026179472769","0.0","385.0","true","0.0","0.0","INIT","0","0"
"2","EDGE","8","EDGE","243.98162782966278","true","115.4634927975137","120.98026179472768","0.0","962.0","true","0.0","0.0","INIT","2","0"
"8","EDGE","2","EDGE","243.98162782966278","true","115.4634927975137","120.98026179472768","0.0","962.0","true","0.0","0.0","INIT","2","0"
