"NodeAid","NodeAType","NodeBid","NodeBType","distance","isLOS","pathLoss","maxPathLoss","bitrate","maxbitrate","isAssignable","sarDL","sarUL","status","amc","rbused"
"0","PoP","10","EDGE","224.7206388336221","true","114.74920952226555","119.48026179472768","0.0","1155.0","true","0.0","0.0","INIT","3","0"
"10","EDGE","0","PoP","224.7206388336221","true","114.74920952226555","119.48026179472768","0.0","1155.0","true","0.0","0.0","INIT","3","0"
"0","PoP","6","EDGE","551.6832553835535","true","122.55014635639236","124.38026179472769","0.0","385.0","true","0.0","0.0","INIT","0","0"
"6","EDGE","0","PoP","551.6832553835535","true","122.55014635639236","124.38026179472769","0.0","385.0","true","0.0","0.0","INIT","0","0"
"1","EDGE","5","EDGE","104.33230482001665","true","108.08472633720189","109.48026179472768","0.0","3080.0","true","0.0","0.0","INIT","11","0"
"5","EDGE","1","EDGE","104.33230482001665","true","108.08472633720189","109.48026179472768","0.0","3080.0","true","0.0","0.0","INIT","11","0"
"2","EDGE","10","EDGE","188.7572689966832","true","113.23442401016857","118.78026179472769","0.0","1252.0","true","0.0","0.0","INIT","4","0"
"10","EDGE","2","EDGE","188.7572689966832","true","113.23442401016857","118.78026179472769","0.0","1252.0","true","0.0","0.0","INIT","4","0"
