"NodeAid","NodeAType","NodeBid","NodeBType","distance","isLOS","pathLoss","maxPathLoss","bitrate","maxbitrate","isAssignable","sarDL","sarUL","status","amc","rbused"
"6","EDGE","9","EDGE","595.4350223144193","true","123.21303781434652","124.38026179472769","0.0","385.0","true","0.0","0.0","INIT","0","0"
"9","EDGE","6","EDGE","595.4350223144193","true","123.21303781434652","124.38026179472769","0.0","385.0","true","0.0","0.0","INIT","0","0"
"0","PoP","3","EDGE","320.1485333083933","true","117.82338063695914","122.48026179472768","0.0","770.0","true","0.0","0.0","INIT","1","0"
"3","EDGE","0","PoP","320.1485333083933","true","117.82338063695914","122.48026179472768","0.0","770.0","true","0.0","0.0","INIT","1","0"
"0","PoP","6","EDGE","551.6564583725581","true","122.54972444485001","124.38026179472769","0.0","385.0","true","0.0","0.0","INIT","0","0"
"6","EDGE","0","PoP","551.6564583725581","true","122.54972444485001","124.38026179472769","0.0","385.0","true","0.0","0.0","INIT","0","0"
"0","PoP","9","EDGE","672.918713808938","true","124.27560242941983","124.38026179472769","0.0","385.0","true","0.0","0.0","INIT","0","0"
"9","EDGE","0","PoP","672.918713808938","true","124.27560242941983","124.38026179472769","0.0","385.0","true","0.0","0.0","INIT","0","0"
