"NodeAid","NodeAType","NodeBid","NodeBType","distance","isLOS","pathLoss","maxPathLoss","bitrate","maxbitrate","isAssignable","sarDL","sarUL","status","amc","rbused"
"5","EDGE","29","EDGE","10.944008463587124","true","88.49987871098483","95.98026179472768","0.0","8085.0","true","0.0","0.0","INIT","20","0"
"29","EDGE","5","EDGE","10.944008463587124","true","88.49987871098483","95.98026179472768","0.0","8085.0","true","0.0","0.0","INIT","20","0"
"41","EDGE","49","EDGE","209.04990593275735","true","114.12134983549427","119.48026179472768","0.0","1155.0","true","0.0","0.0","INIT","3","0"
"49","EDGE","41","EDGE","209.04990593275735","true","114.12134983549427","119.48026179472768","0.0","1155.0","true","0.0","0.0","INIT","3","0"
"42","EDGE","43","EDGE","9.546012021974786","true","87.31278984557099","95.98026179472768","0.0","8085.0","true","0.0","0.0","INIT","20","0"
"43","EDGE","42","EDGE","9.546012021974786","true","87.31278984557099","95.98026179472768","0.0","8085.0","true","0.0","0.0","INIT","20","0"
"18","EDGE","23","EDGE","85.29917412338867","true","106.33524683215343","107.48026179472768","0.0","3850.0","true","0.0","0.0","INIT","12","0"
"23","EDGE","18","EDGE","85.29917412338867","true","106.33524683215343","107.48026179472768","0.0","3850.0","true","0.0","0.0","INIT","12","0"
