"NodeAid","NodeAType","NodeBid","NodeBType","distance","isLOS","pathLoss","maxPathLoss","bitrate","maxbitrate","isAssignable","sarDL","sarUL","status","amc","rbused"
"22","EDGE","42","EDGE","55.16758260503713","true","102.55002938564513","103.48026179472768","0.0","5390.0","true","0.0","0.0","INIT","15","0"
"42","EDGE","22","EDGE","55.16758260503713","true","102.55002938564513","103.48026179472768","0.0","5390.0","true","0.0","0.0","INIT","15","0"
"34","EDGE","46","EDGE","14.351192900686883","true","90.85411034662806","95.98026179472768","0.0","8085.0","true","0.0","0.0","INIT","20","0"
"46","EDGE","34","EDGE","14.351192900686883","true","90.85411034662806","95.98026179472768","0.0","8085.0","true","0.0","0.0","INIT","20","0"
"3","EDGE","43","EDGE","141.49745029179272","true","110.73132258973932","114.48026179472768","0.0","2310.0","true","0.0","0.0","INIT","8","0"
"43","EDGE","3","EDGE","141.49745029179272","true","110.73132258973932","114.48026179472768","0.0","2310.0","true","0.0","0.0","INIT","8","0"
"4","EDGE","37","EDGE","17.452266026763226","true","92.55338679345064","95.98026179472768","0.0","8085.0","true","0.0","0.0","INIT","20","0"
"37","EDGE","4","EDGE","17.452266026763226","true","92.55338679345064","95.98026179472768","0.0","8085.0","true","0.0","0.0","INIT","20","0"
